codigo,nombre,familia,precio_usd,ficha,imagen
L(E27)8W/G125 Transp.,"Lamp. de filamento de led, dimerizable G125 de 8w; 2700k; 800lm Transp. (50u)",Lamparas de Filamento LED,5.37,"{""control"": ""Dimerizable"", ""lumenes"": ""800lm"", ""medidas"": ""G125"", ""fuente_luz"": ""LED Filamento"", ""potencia_w"": ""8W"", ""temp_color_k"": ""2700K"", ""color_artefacto"": ""Transparente"", ""fijacion_montaje"": ""E27""}",https://cswqoretlhppxkelysny.supabase.co/storage/v1/object/public/catalogo-img/dabor/LE278WG125TRANSP.png
ABUYA-S,Plafon circular de aluminio combinado en color negro y simil madera ø40cm de 30w led,ABUYA,146.6,"{""medidas"": ""ø40cm"", ""fuente_luz"": ""led"", ""potencia_w"": ""30w""}",https://cswqoretlhppxkelysny.supabase.co/storage/v1/object/public/catalogo-img/dabor/ABUYAS.png
AKAKI-L,"Colgante hecho en resina de color negro de ø1,20mts de 35w led",AKAKI,344.95,"{""medidas"": ""ø1,20mts"", ""fuente_luz"": ""led"", ""potencia_w"": ""35w"", ""color_artefacto"": ""negro""}",https://cswqoretlhppxkelysny.supabase.co/storage/v1/object/public/catalogo-img/dabor/AKAKIL.png
AKAKI-M,Colgante hecho en resina de color negro de ø80cm de 20w led,AKAKI,284.58,"{""medidas"": ""ø80cm"", ""fuente_luz"": ""led"", ""potencia_w"": ""20w"", ""color_artefacto"": ""negro""}",https://cswqoretlhppxkelysny.supabase.co/storage/v1/object/public/catalogo-img/dabor/AKAKIM.png
AKAKI-S,Colgante hecho en resina de color negro de ø60cm de 15w led,AKAKI,163.85,"{""medidas"": ""ø60cm"", ""fuente_luz"": ""led"", ""potencia_w"": ""15w"", ""color_artefacto"": ""negro""}",https://cswqoretlhppxkelysny.supabase.co/storage/v1/object/public/catalogo-img/dabor/AKAKIS.png
ARCILA-S,Plafon circular de aluminio de ø40cm de 50w led,ARCILA,58.64,"{""medidas"": ""ø40cm"", ""fuente_luz"": ""led"", ""potencia_w"": ""50w"", ""color_artefacto"": ""Blanco; Negro""}",https://cswqoretlhppxkelysny.supabase.co/storage/v1/object/public/catalogo-img/dabor/ARCILAS.png
BOQUERO-L,Plafon ø60cm; 32w led; 3000k dimerizable,BOQUERO,291.29,"{""control"": ""dimerizable"", ""medidas"": ""ø60cm"", ""fuente_luz"": ""led"", ""potencia_w"": ""32w"", ""temp_color_k"": ""3000k"", ""color_artefacto"": ""Blanco y Negro""}",https://cswqoretlhppxkelysny.supabase.co/storage/v1/object/public/catalogo-img/dabor/BOQUEROL.png
CANCUN-3,Spot de chapa de 3 luces para Gu10,CANCUN,18.37,"{""fuente_luz"": ""GU10"", ""color_artefacto"": ""Blanco/Negro""}",https://cswqoretlhppxkelysny.supabase.co/storage/v1/object/public/catalogo-img/dabor/CANCUN3.png
CARACAS,"Aplique de pared con movimiento de luz indirecta, 5w Led",CARACAS,40.42,"{""fuente_luz"": ""LED"", ""movimiento"": ""Si"", ""potencia_w"": ""5w"", ""color_artefacto"": ""Blanco o negro""}",https://cswqoretlhppxkelysny.supabase.co/storage/v1/object/public/catalogo-img/dabor/CARACAS.png
CATALINA-L,"Colgante con tulipa gris fume, 480mm; 30w led; con 3mts de cable",CATALINA,174.22,"{""medidas"": ""480mm"", ""fuente_luz"": ""Led"", ""potencia_w"": ""30w""}",https://cswqoretlhppxkelysny.supabase.co/storage/v1/object/public/catalogo-img/dabor/CATALINAL.png
CATALINA-M,"Colgante con tulipa gris fume, 380mm; 24w led; con 3mts de cable",CATALINA,119.16,"{""medidas"": ""380mm"", ""fuente_luz"": ""Led"", ""potencia_w"": ""24w""}",https://cswqoretlhppxkelysny.supabase.co/storage/v1/object/public/catalogo-img/dabor/CATALINAM.png
CATALINA-S,"Colgante con tulipa gris fume, 330mm; 18w led; con 3mts de cable",CATALINA,91.99,"{""medidas"": ""330mm"", ""fuente_luz"": ""Led"", ""potencia_w"": ""18w""}",https://cswqoretlhppxkelysny.supabase.co/storage/v1/object/public/catalogo-img/dabor/CATALINAS.png
COBAN,Colgante lineal negro ø110cm; 18w de led,COBAN,68.22,"{""medidas"": ""ø110cm"", ""fuente_luz"": ""led"", ""potencia_w"": ""18w"", ""color_artefacto"": ""negro""}",https://cswqoretlhppxkelysny.supabase.co/storage/v1/object/public/catalogo-img/dabor/COBAN.png
DAKAR-CL,Colgante circular ancho de aluminio de ø60cm de 80w led,DAKAR,241.46,"{""medidas"": ""ø60cm"", ""fuente_luz"": ""led"", ""potencia_w"": ""80w"", ""color_artefacto"": ""Blanco; Negro""}",https://cswqoretlhppxkelysny.supabase.co/storage/v1/object/public/catalogo-img/dabor/DAKARCL.png
DAKAR-CM,Colgante circular ancho de aluminio de ø50cm de 50w led,DAKAR,198.34,"{""medidas"": ""ø50cm"", ""fuente_luz"": ""led"", ""potencia_w"": ""50w"", ""color_artefacto"": ""Blanco; Negro""}",https://cswqoretlhppxkelysny.supabase.co/storage/v1/object/public/catalogo-img/dabor/DAKARCM.png
DAKAR-CS,Colgante circular ancho de aluminio de ø40cm de 33w led,DAKAR,151.78,"{""medidas"": ""ø40cm"", ""fuente_luz"": ""led"", ""potencia_w"": ""33w"", ""color_artefacto"": ""Blanco; Negro""}",https://cswqoretlhppxkelysny.supabase.co/storage/v1/object/public/catalogo-img/dabor/DAKARCS.png
DAKAR-PS,Plafon circular ancho de aluminio de ø40cm de 33w led,DAKAR,129.36,"{""medidas"": ""ø40cm"", ""fuente_luz"": ""led"", ""potencia_w"": ""33w"", ""color_artefacto"": ""Blanco; Negro""}",https://cswqoretlhppxkelysny.supabase.co/storage/v1/object/public/catalogo-img/dabor/DAKARPS.png
DALLAS,Aplique de pared redondo con movimiento e interruptor touch de 6w + 3w de led,DALLAS,58.41,"{""control"": ""touch"", ""fuente_luz"": ""LED"", ""movimiento"": ""Si"", ""potencia_w"": ""6w+3w"", ""color_artefacto"": ""Blanco y Negro""}",https://cswqoretlhppxkelysny.supabase.co/storage/v1/object/public/catalogo-img/dabor/DALLAS.png
DENVER-5,Colgante de 5 varillas negro de 60w de led,DENVER,134.15,"{""fuente_luz"": ""led"", ""potencia_w"": ""60w"", ""color_artefacto"": ""negro""}",https://cswqoretlhppxkelysny.supabase.co/storage/v1/object/public/catalogo-img/dabor/DENVER5.png
DENVER-9,Colgante de 9 varillas negro de 75w de led,DENVER,149.48,"{""fuente_luz"": ""led"", ""potencia_w"": ""75w"", ""color_artefacto"": ""negro""}",https://cswqoretlhppxkelysny.supabase.co/storage/v1/object/public/catalogo-img/dabor/DENVER9.png
EMBU-12,"Embutido redondo movil, aluminio blanco o negro desplazable hacia abajo 15w Led",EMBU,34.49,"{""fuente_luz"": ""LED"", ""movimiento"": ""desplazable"", ""potencia_w"": ""15w"", ""color_artefacto"": ""Blanco/Negro"", ""fijacion_montaje"": ""movil""}",https://cswqoretlhppxkelysny.supabase.co/storage/v1/object/public/catalogo-img/dabor/EMBU12.png
EMBU-15,Embutido redondo fijo aluminio blanco interior ngo. o negro para GU10,EMBU,3.91,"{""fuente_luz"": ""GU10"", ""movimiento"": ""fijo"", ""color_artefacto"": ""Blanco/Negro"", ""fijacion_montaje"": ""fijo""}",https://cswqoretlhppxkelysny.supabase.co/storage/v1/object/public/catalogo-img/dabor/EMBU15.png
EMBU-4,Embutido cuadrado movil de aluminio blanco o negro para dicro GU10,EMBU,7.32,"{""fuente_luz"": ""GU10"", ""movimiento"": ""movil"", ""color_artefacto"": ""Blanco/Negro"", ""fijacion_montaje"": ""movil""}",https://cswqoretlhppxkelysny.supabase.co/storage/v1/object/public/catalogo-img/dabor/EMBU4.png
EMBU-8,"Embutido redondo movil, aluminio blanco o negro ø17cm, AR111; GU10",EMBU,3.48,"{""medidas"": ""ø17cm"", ""fuente_luz"": ""AR111; GU10"", ""movimiento"": ""movil"", ""color_artefacto"": ""Blanco/Negro"", ""fijacion_montaje"": ""movil""}",https://cswqoretlhppxkelysny.supabase.co/storage/v1/object/public/catalogo-img/dabor/EMBU8.png
ESPEJO-8,"Espejo ovalado vertical de 60x80cm, luz calida; touch; 20w led en todo su contorno",ESPEJOS,99.65,"{""control"": ""touch"", ""medidas"": ""60x80cm"", ""fuente_luz"": ""LED"", ""potencia_w"": ""20w"", ""temp_color_k"": ""Calida""}",https://cswqoretlhppxkelysny.supabase.co/storage/v1/object/public/catalogo-img/dabor/ESPEJO8.png
FLAM-L,"Plafon circular de aluminio de ø61cm, 48w led",FLAM,212.77,"{""medidas"": ""ø61cm"", ""fuente_luz"": ""led"", ""potencia_w"": ""48w"", ""color_artefacto"": ""Blanco; Negro""}",https://cswqoretlhppxkelysny.supabase.co/storage/v1/object/public/catalogo-img/dabor/FLAML.png
FLAM-M,"Plafon circular de aluminio de ø46cm, 36w led",FLAM,143.01,"{""medidas"": ""ø46cm"", ""fuente_luz"": ""led"", ""potencia_w"": ""36w"", ""color_artefacto"": ""Blanco; Negro""}",https://cswqoretlhppxkelysny.supabase.co/storage/v1/object/public/catalogo-img/dabor/FLAMM.png
FLORIDA,Plafon integrado de 3 rectangulos de dif. tamaño unidos satinado y negro luz por fuera de 42w de led,FLORIDA,68.99,"{""fuente_luz"": ""led"", ""potencia_w"": ""42w"", ""color_artefacto"": ""satinado y negro""}",https://cswqoretlhppxkelysny.supabase.co/storage/v1/object/public/catalogo-img/dabor/FLORIDA.png
FRANCISCO,"Aplique de pared con movimiento y switch on/off, para lampara GU10 led",FRANCISCO,43.9,"{""control"": ""switch on/off"", ""fuente_luz"": ""GU10 LED"", ""movimiento"": ""Si"", ""color_artefacto"": ""Blanco o negro""}",https://cswqoretlhppxkelysny.supabase.co/storage/v1/object/public/catalogo-img/dabor/FRANCISCO.png
GAZA-S,Plafon Circular fino de aluminio de ø40cm de 25w led,GAZA,116.42,"{""medidas"": ""ø40cm"", ""fuente_luz"": ""led"", ""potencia_w"": ""25w"", ""color_artefacto"": ""Blanco; Negro""}",https://cswqoretlhppxkelysny.supabase.co/storage/v1/object/public/catalogo-img/dabor/GAZAS.png
HAYES-CX1,Colgante de 1L negro con globito dimerizable de 4w led; con 3mts de cable,HAYES,43.9,"{""control"": ""dimerizable"", ""fuente_luz"": ""Led"", ""potencia_w"": ""4w"", ""color_artefacto"": ""negro""}",https://cswqoretlhppxkelysny.supabase.co/storage/v1/object/public/catalogo-img/dabor/HAYESCX1.png
HAYES-CX7,"Colgante de 7 luces negro con globito dimerizable de 28w led, con 3mts de cable",HAYES,167.25,"{""control"": ""dimerizable"", ""fuente_luz"": ""Led"", ""potencia_w"": ""28w"", ""color_artefacto"": ""negro""}",https://cswqoretlhppxkelysny.supabase.co/storage/v1/object/public/catalogo-img/dabor/HAYESCX7.png
HILO-1,"Colgante forma cilindrica, de hilo ø370*h700mm de 40w de led, calido (3000k)",HILO,459.93,"{""medidas"": ""ø370*h700mm"", ""fuente_luz"": ""led"", ""potencia_w"": ""40w"", ""temp_color_k"": ""3000k"", ""color_artefacto"": ""BEIGE; TERRACOTA""}",https://cswqoretlhppxkelysny.supabase.co/storage/v1/object/public/catalogo-img/dabor/HILO1.png
HILO-2,"Colgante forma cilindrica, de hilo ø550*h700mm de 60w de led, calido (3000k)",HILO,640.07,"{""medidas"": ""ø550*h700mm"", ""fuente_luz"": ""led"", ""potencia_w"": ""60w"", ""temp_color_k"": ""3000k"", ""color_artefacto"": ""BEIGE; TERRACOTA""}",https://cswqoretlhppxkelysny.supabase.co/storage/v1/object/public/catalogo-img/dabor/HILO2.png
HILO-3,"Colgante forma de conica, de hilo ø550*h700mm de 60w de led, calido (3000k)",HILO,555.75,"{""medidas"": ""ø550*h700mm"", ""fuente_luz"": ""led"", ""potencia_w"": ""60w"", ""temp_color_k"": ""3000k"", ""color_artefacto"": ""BEIGE; TERRACOTA""}",https://cswqoretlhppxkelysny.supabase.co/storage/v1/object/public/catalogo-img/dabor/HILO3.png
HILO-4,"Colgante forma cilindrica de hilo ø370*h1100mm de 60w de led, calido (3000k)",HILO,528.92,"{""medidas"": ""ø370*h1100mm"", ""fuente_luz"": ""led"", ""potencia_w"": ""60w"", ""temp_color_k"": ""3000k"", ""color_artefacto"": ""BEIGE; TERRACOTA""}",https://cswqoretlhppxkelysny.supabase.co/storage/v1/object/public/catalogo-img/dabor/HILO4.png
HILO-6,"Colgante forma de conica, de hilo ø550*h1100mm de 60w de led, calido (3000k)",HILO,678.4,"{""medidas"": ""ø550*h1100mm"", ""fuente_luz"": ""led"", ""potencia_w"": ""60w"", ""temp_color_k"": ""3000k"", ""color_artefacto"": ""BEIGE; TERRACOTA""}",https://cswqoretlhppxkelysny.supabase.co/storage/v1/object/public/catalogo-img/dabor/HILO6.png
ICANTI-S,Colgante blanco; ø600cm; H=150cm; 24w led; 3000k dimerizalbe,ICANTI,498.26,"{""control"": ""dimerizable"", ""medidas"": ""ø600cm; H=150cm"", ""fuente_luz"": ""led"", ""potencia_w"": ""24w"", ""temp_color_k"": ""3000k"", ""color_artefacto"": ""blanco""}",https://cswqoretlhppxkelysny.supabase.co/storage/v1/object/public/catalogo-img/dabor/ICANTIS.png
JACO,"Colgante de vidrio ø44,2cm gris fume de led 12w+43w",JACO,257.84,"{""medidas"": ""ø44,2cm"", ""fuente_luz"": ""led"", ""potencia_w"": ""12w+43w"", ""color_artefacto"": ""gris fume""}",https://cswqoretlhppxkelysny.supabase.co/storage/v1/object/public/catalogo-img/dabor/JACO.png
L(E27)8W/G95 Transp.,"Lamp. de filamento de led, dimerizable G95 de 8w; 2700k; 800lm Transp. (50u)",Lamparas de Filamento LED,4.49,"{""control"": ""Dimerizable"", ""lumenes"": ""800lm"", ""medidas"": ""G95"", ""fuente_luz"": ""LED Filamento"", ""potencia_w"": ""8W"", ""temp_color_k"": ""2700K"", ""color_artefacto"": ""Transparente"", ""fijacion_montaje"": ""E27""}",https://cswqoretlhppxkelysny.supabase.co/storage/v1/object/public/catalogo-img/dabor/LE278WG95TRANSP.png
L(E27)8W/ST64 Transp.,"Lamp. de filamento de led, dimerizable ST64 de 8w; 2700k; 800lm Transp. (100u)",Lamparas de Filamento LED,4.49,"{""control"": ""Dimerizable"", ""lumenes"": ""800lm"", ""medidas"": ""ST64"", ""fuente_luz"": ""LED Filamento"", ""potencia_w"": ""8W"", ""temp_color_k"": ""2700K"", ""color_artefacto"": ""Transparente"", ""fijacion_montaje"": ""E27""}",https://cswqoretlhppxkelysny.supabase.co/storage/v1/object/public/catalogo-img/dabor/LE278WST64TRANSP.png
L(E27G)4W/G45 Transp.,Lamp de filamento de led; dimerizable G45 de 4w; 2700k; 400lm transp. (100u),Lamparas de Filamento LED,2.64,"{""control"": ""Dimerizable"", ""lumenes"": ""400lm"", ""medidas"": ""G45"", ""fuente_luz"": ""LED Filamento"", ""potencia_w"": ""4W"", ""temp_color_k"": ""2700K"", ""color_artefacto"": ""Transparente"", ""fijacion_montaje"": ""E27""}",https://cswqoretlhppxkelysny.supabase.co/storage/v1/object/public/catalogo-img/dabor/LE27G4WG45TRANSP.png
L(E27T)40W/F,Lampara T E27 de led 40w; 4000lm fria; 6500K (50u),Lamparas T LED,3.13,"{""lumenes"": ""4000lm"", ""fuente_luz"": ""LED"", ""potencia_w"": ""40W"", ""temp_color_k"": ""6500K"", ""fijacion_montaje"": ""E27""}",https://cswqoretlhppxkelysny.supabase.co/storage/v1/object/public/catalogo-img/dabor/LE27T40WF.png
LOD-3,Spot de chapa de 3 luces con detalle cromo para Gu10,LOD,18.37,"{""fuente_luz"": ""GU10"", ""color_artefacto"": ""Blanco/Negro""}",https://cswqoretlhppxkelysny.supabase.co/storage/v1/object/public/catalogo-img/dabor/LOD3.png
MEKELE-L,"Colgante de chapa color madera de ø1,35mts de 20w led",MEKELE,241.46,"{""medidas"": ""ø1,35mts"", ""fuente_luz"": ""led"", ""potencia_w"": ""20w"", ""color_artefacto"": ""madera""}",https://cswqoretlhppxkelysny.supabase.co/storage/v1/object/public/catalogo-img/dabor/MEKELEL.png
MEKELE-M,"Colgante de chapa color madera de ø1,05mts. de 15w led",MEKELE,181.1,"{""medidas"": ""ø1,05mts"", ""fuente_luz"": ""led"", ""potencia_w"": ""15w"", ""color_artefacto"": ""madera""}",https://cswqoretlhppxkelysny.supabase.co/storage/v1/object/public/catalogo-img/dabor/MEKELEM.png
MEKELE-S,Colgante de chapa color madera de ø68cm de 10w led,MEKELE,129.36,"{""medidas"": ""ø68cm"", ""fuente_luz"": ""led"", ""potencia_w"": ""10w"", ""color_artefacto"": ""madera""}",https://cswqoretlhppxkelysny.supabase.co/storage/v1/object/public/catalogo-img/dabor/MEKELES.png
MERIDA,"Aplique de pared con movimiento , 7w Led",MERIDA,40.42,"{""fuente_luz"": ""LED"", ""movimiento"": ""Si"", ""potencia_w"": ""7w"", ""color_artefacto"": ""Blanco o negro""}",https://cswqoretlhppxkelysny.supabase.co/storage/v1/object/public/catalogo-img/dabor/MERIDA.png
MIAMI,"Plafon integrado por 2 cuadrados unidos, satinado luz por fuera y negro luz por dentro de 48w de led",MIAMI,60.37,"{""fuente_luz"": ""led"", ""potencia_w"": ""48w"", ""color_artefacto"": ""satinado y negro""}",https://cswqoretlhppxkelysny.supabase.co/storage/v1/object/public/catalogo-img/dabor/MIAMI.png
MISURI,"Colgante de chapa ø90cm, con dos rectangulos negro de 40w de led",MISURI,86.24,"{""medidas"": ""ø90cm"", ""fuente_luz"": ""led"", ""potencia_w"": ""40w"", ""color_artefacto"": ""negro""}",https://cswqoretlhppxkelysny.supabase.co/storage/v1/object/public/catalogo-img/dabor/MISURI.png
MONTANA,Plafon integrado por 2 ovalos unidos satinado luz por fuera y negro luz por dentro de 48w de led,MONTANA,72.44,"{""fuente_luz"": ""led"", ""potencia_w"": ""48w"", ""color_artefacto"": ""satinado y negro""}",https://cswqoretlhppxkelysny.supabase.co/storage/v1/object/public/catalogo-img/dabor/MONTANA.png
MORTI,Lampara pie negra mate H=210cm; 44w led; 3000k dimerizable,MORTI,534.29,"{""control"": ""dimerizable"", ""medidas"": ""H=210cm"", ""fuente_luz"": ""led"", ""potencia_w"": ""44w"", ""temp_color_k"": ""3000k"", ""color_artefacto"": ""negra mate"", ""fijacion_montaje"": ""pie""}",https://cswqoretlhppxkelysny.supabase.co/storage/v1/object/public/catalogo-img/dabor/MORTI.png
NATAL-M,Lampara de mesa con barral y flexible cromo para E27 (BLANCO o NEGRO),NATAL,8.28,"{""fuente_luz"": ""E27"", ""color_artefacto"": ""Blanco; Negro; Rojo; Azul""}",https://cswqoretlhppxkelysny.supabase.co/storage/v1/object/public/catalogo-img/dabor/NATALM.png
NEVADA,Plafon integrado por 2 ovalos unidos satinado luz por fuera y negro luz por dentro de 36w de led,NEVADA,60.37,"{""fuente_luz"": ""led"", ""potencia_w"": ""36w"", ""color_artefacto"": ""satinado y negro""}",https://cswqoretlhppxkelysny.supabase.co/storage/v1/object/public/catalogo-img/dabor/NEVADA.png
OLIMPO-2,Colgante con pantalla ¢450mm de tela blanca para 2xE27 con 3mts de cable,OLIMPO,184.67,"{""medidas"": ""450mm"", ""fuente_luz"": ""E27"", ""color_artefacto"": ""blanca""}",https://cswqoretlhppxkelysny.supabase.co/storage/v1/object/public/catalogo-img/dabor/OLIMPO2.png
OLIMPO-3,Colgante con pantalla ¢500mm de tela blanca para 2xE27 con 3mts de cable,OLIMPO,184.67,"{""medidas"": ""500mm"", ""fuente_luz"": ""E27"", ""color_artefacto"": ""blanca""}",https://cswqoretlhppxkelysny.supabase.co/storage/v1/object/public/catalogo-img/dabor/OLIMPO3.png
OLIMPO-4,Colgante con pantalla ¢600mm de tela blanca para 2xE27 con 3mts de cable,OLIMPO,243.9,"{""medidas"": ""600mm"", ""fuente_luz"": ""E27"", ""color_artefacto"": ""blanca""}",https://cswqoretlhppxkelysny.supabase.co/storage/v1/object/public/catalogo-img/dabor/OLIMPO4.png
ORBITA-L,Aplique de pared con tulipa globo opal ø180mm para lampara E27 led,ORBITA,47.04,"{""medidas"": ""ø180mm"", ""fuente_luz"": ""E27 led"", ""color_artefacto"": ""Blanco, Negro, Cromo, Dorado""}",https://cswqoretlhppxkelysny.supabase.co/storage/v1/object/public/catalogo-img/dabor/ORBITAL.png
EMBU-11,Embutido redondo Blanco marco invisible antideslumbrante para GU10,EMBU,7.32,"{""ugr"": ""antideslumbrante"", ""fuente_luz"": ""GU10"", ""color_artefacto"": ""Blanco""}",https://cswqoretlhppxkelysny.supabase.co/storage/v1/object/public/catalogo-img/dabor/EMBU11.png
ORBITA-S,Aplique de pared con tulipa globo opal ø110mm para lampara G9 led,ORBITA,27.18,"{""medidas"": ""ø110mm"", ""fuente_luz"": ""G9 led"", ""color_artefacto"": ""Blanco, Negro, Cromo, Dorado""}",https://cswqoretlhppxkelysny.supabase.co/storage/v1/object/public/catalogo-img/dabor/ORBITAS.png
OREGON,"Plafon integrado por 3 cuadrados, 1 satinado luz por fuera y 2 negros luz por dentro de 58w de led",OREGON,72.44,"{""fuente_luz"": ""led"", ""potencia_w"": ""58w"", ""color_artefacto"": ""satinado y negro""}",https://cswqoretlhppxkelysny.supabase.co/storage/v1/object/public/catalogo-img/dabor/OREGON.png
OSLO-M,Plafon circular de aluminio con luz bidireccional de ø50cm de 78w led,OSLO,279.41,"{""medidas"": ""ø50cm"", ""fuente_luz"": ""led"", ""potencia_w"": ""78w"", ""color_artefacto"": ""Blanco; Negro""}",https://cswqoretlhppxkelysny.supabase.co/storage/v1/object/public/catalogo-img/dabor/OSLOM.png
OSLO-S,Plafon circular de aluminio con luz bidireccional de ø40cm de 60w led,OSLO,215.59,"{""medidas"": ""ø40cm"", ""fuente_luz"": ""led"", ""potencia_w"": ""60w"", ""color_artefacto"": ""Blanco; Negro""}",https://cswqoretlhppxkelysny.supabase.co/storage/v1/object/public/catalogo-img/dabor/OSLOS.png
P(12W/F)Apli./Cuad.Blanco,Panel led de aplicar cuadrado blanco; 12w;17x17cm frio (50u),Paneles de aplicar cuadrados,5.22,"{""medidas"": ""17x17cm"", ""fuente_luz"": ""LED"", ""potencia_w"": ""12"", ""temp_color_k"": ""frio"", ""color_artefacto"": ""Blanco"", ""fijacion_montaje"": ""Aplicar""}",https://cswqoretlhppxkelysny.supabase.co/storage/v1/object/public/catalogo-img/dabor/P12WFAPLICUADBLANCO.png
P(12W/F)Emb/Cuad Blanco,Panel led de embutir cuadrado blanco; 12w;17x17cm frio (50u),Paneles de embutir cuadrados-rectangulares,4.08,"{""medidas"": ""17x17cm"", ""fuente_luz"": ""LED"", ""potencia_w"": ""12"", ""temp_color_k"": ""frio"", ""color_artefacto"": ""Blanco"", ""fijacion_montaje"": ""Embutir""}",https://cswqoretlhppxkelysny.supabase.co/storage/v1/object/public/catalogo-img/dabor/P12WFEMBCUADBLANCO.png
P(12W/F)Emb/Red. Blanco,Panel led de embutir redondo blanco; 12w;17x17cm frio (50u),Paneles de embutir redondos,3.84,"{""medidas"": ""17x17cm"", ""fuente_luz"": ""LED"", ""potencia_w"": ""12"", ""temp_color_k"": ""frio"", ""color_artefacto"": ""Blanco"", ""fijacion_montaje"": ""Embutir""}",https://cswqoretlhppxkelysny.supabase.co/storage/v1/object/public/catalogo-img/dabor/P12WFEMBREDBLANCO.png
P(48W/N)Emb/Cuad Blanco,Panel led de embutir cuadrado blanco; 48w; 60x60cm neutro (10u),Paneles de embutir cuadrados-rectangulares,11.5,"{""medidas"": ""60x60cm"", ""fuente_luz"": ""LED"", ""potencia_w"": ""48"", ""temp_color_k"": ""neutro"", ""color_artefacto"": ""Blanco"", ""fijacion_montaje"": ""Embutir""}",https://cswqoretlhppxkelysny.supabase.co/storage/v1/object/public/catalogo-img/dabor/P48WNEMBCUADBLANCO.png
PALENCIA-CM,"Colgante con tulipa gris fume, 400mm; 24w led; con 3mts de cable",PALENCIA,161.67,"{""medidas"": ""400mm"", ""fuente_luz"": ""Led"", ""potencia_w"": ""24w""}",https://cswqoretlhppxkelysny.supabase.co/storage/v1/object/public/catalogo-img/dabor/PALENCIACM.png
PALENCIA-CM,"Colgante con tulipa gris fume, 500mm; 30w led; con 3mts de cable",PALENCIA,161.67,"{""medidas"": ""500mm"", ""fuente_luz"": ""Led"", ""potencia_w"": ""30w""}",https://cswqoretlhppxkelysny.supabase.co/storage/v1/object/public/catalogo-img/dabor/PALENCIACM.png
PALENCIA-CS,"Colgante con tulipa gris fume, 350mm; 18w led; con 3mts de cable",PALENCIA,119.16,"{""medidas"": ""350mm"", ""fuente_luz"": ""Led"", ""potencia_w"": ""18w""}",https://cswqoretlhppxkelysny.supabase.co/storage/v1/object/public/catalogo-img/dabor/PALENCIACS.png
PARIS-3,Araña 3L cromo con cairel y pantalla de tela para E27,PARIS,68.99,"{""fuente_luz"": ""E27"", ""color_artefacto"": ""Cromo""}",https://cswqoretlhppxkelysny.supabase.co/storage/v1/object/public/catalogo-img/dabor/PARIS3.png
PARIS-5,Araña 5L cromo con cairel y pantalla de tela para E27,PARIS,94.08,"{""fuente_luz"": ""E27"", ""color_artefacto"": ""Cromo""}",https://cswqoretlhppxkelysny.supabase.co/storage/v1/object/public/catalogo-img/dabor/PARIS5.png
PASTON-L,"Aplique de pared curvo de vidrio y acrilico, largo 80,5cm IP44 20w Led",PASTON,66.2,"{""ip"": ""IP44"", ""medidas"": ""80,5cm"", ""fuente_luz"": ""LED"", ""potencia_w"": ""20w"", ""color_artefacto"": ""Dorado pintado o negro""}",https://cswqoretlhppxkelysny.supabase.co/storage/v1/object/public/catalogo-img/dabor/PASTONL.png
PASTON-M,"Aplique de pared curvo de vidrio y acrilico, largo 60,5cm IP44 16w Led",PASTON,48.78,"{""ip"": ""IP44"", ""medidas"": ""60,5cm"", ""fuente_luz"": ""LED"", ""potencia_w"": ""16w"", ""color_artefacto"": ""Dorado pintado o negro""}",https://cswqoretlhppxkelysny.supabase.co/storage/v1/object/public/catalogo-img/dabor/PASTONM.png
PASTON-S,"Aplique de pared curvo de vidrio y acrilico, largo 40,5cm IP44 10w Led",PASTON,41.81,"{""ip"": ""IP44"", ""medidas"": ""40,5cm"", ""fuente_luz"": ""LED"", ""potencia_w"": ""10w"", ""color_artefacto"": ""Dorado pintado o negro""}",https://cswqoretlhppxkelysny.supabase.co/storage/v1/object/public/catalogo-img/dabor/PASTONS.png
QUESADA,Colgante de vidrio ø35cm gris fume de led 12w+26w,QUESADA,188.15,"{""medidas"": ""ø35cm"", ""fuente_luz"": ""led"", ""potencia_w"": ""12w+26w"", ""color_artefacto"": ""gris fume""}",https://cswqoretlhppxkelysny.supabase.co/storage/v1/object/public/catalogo-img/dabor/QUESADA.png
R(AF05-20W-6500K),Reflector 20W; IP65; 6500K (50u),Reflectores LED,2.61,"{""ip"": ""IP65"", ""fuente_luz"": ""LED"", ""potencia_w"": ""20W"", ""temp_color_k"": ""6500K""}",https://cswqoretlhppxkelysny.supabase.co/storage/v1/object/public/catalogo-img/dabor/RAF0520W6500K.png
RAMLA-L,Colgante ovoide de Aluminio y Hierro ø123mm; H1500mm de 72w led,RAMLA,413.6,"{""medidas"": ""ø123mm; H1500mm"", ""fuente_luz"": ""led"", ""potencia_w"": ""72w"", ""color_artefacto"": ""Blanco; Negro; Dorado Pintado""}",https://cswqoretlhppxkelysny.supabase.co/storage/v1/object/public/catalogo-img/dabor/RAMLAL.png
RAMLA-S,Colgante ovoide de Aluminio y Hierro ø93mm; H1500mm de 56w led,RAMLA,380.51,"{""medidas"": ""ø93mm; H1500mm"", ""fuente_luz"": ""led"", ""potencia_w"": ""56w"", ""color_artefacto"": ""Blanco; Negro; Dorado Pintado""}",https://cswqoretlhppxkelysny.supabase.co/storage/v1/object/public/catalogo-img/dabor/RAMLAS.png
RECIFE,"Aplique de pared negro con globo opal y switch on/off, 6w Led",RECIFE,44.6,"{""control"": ""switch on/off"", ""fuente_luz"": ""Led"", ""potencia_w"": ""6w"", ""color_artefacto"": ""negro""}",https://cswqoretlhppxkelysny.supabase.co/storage/v1/object/public/catalogo-img/dabor/RECIFE.png
RIO,Aplique de pared cuadrado con movimiento e interruptor touch de 6w + 3w de led,RIO,55.57,"{""control"": ""touch"", ""fuente_luz"": ""LED"", ""movimiento"": ""Si"", ""potencia_w"": ""6w+3w"", ""color_artefacto"": ""Blanco y Negro""}",https://cswqoretlhppxkelysny.supabase.co/storage/v1/object/public/catalogo-img/dabor/RIO.png
SALO-XL,Plafon circular aluminio blanco ø80cm de 164w led,SALO,334.85,"{""medidas"": ""ø80cm"", ""fuente_luz"": ""led"", ""potencia_w"": ""164w"", ""color_artefacto"": ""Blanco""}",https://cswqoretlhppxkelysny.supabase.co/storage/v1/object/public/catalogo-img/dabor/SALOXL.png
SEMI-2,"Semiembutido cuadrado movil 10,5cmx10,5cm",SEMI,2.06,"{""medidas"": ""10,5x10,5cm"", ""movimiento"": ""movil"", ""color_artefacto"": ""Blanco y Negro"", ""fijacion_montaje"": ""movil""}",https://cswqoretlhppxkelysny.supabase.co/storage/v1/object/public/catalogo-img/dabor/SEMI2.png
SEVILLA-1,"Spot exterior de fundicion de aluminio negro, IP65 80*68*82 para 1x GU10",SEVILLA,5.57,"{""ip"": ""IP65"", ""medidas"": ""80*68*82"", ""fuente_luz"": ""GU10"", ""color_artefacto"": ""Negro""}",https://cswqoretlhppxkelysny.supabase.co/storage/v1/object/public/catalogo-img/dabor/SEVILLA1.png
SEVILLA-2,"Spot exterior de fundicion de aluminio negro, IP65 150*68*82 para 2xGU10",SEVILLA,7.32,"{""ip"": ""IP65"", ""medidas"": ""150*68*82"", ""fuente_luz"": ""GU10"", ""color_artefacto"": ""Negro""}",https://cswqoretlhppxkelysny.supabase.co/storage/v1/object/public/catalogo-img/dabor/SEVILLA2.png
SIDNEY-L,"Colgante cilindrico de vidrio y aluminio de 154cm de largo; de 32w led, luz calida",SIDNEY,278.75,"{""medidas"": ""154cm"", ""fuente_luz"": ""led"", ""potencia_w"": ""32w""}",https://cswqoretlhppxkelysny.supabase.co/storage/v1/object/public/catalogo-img/dabor/SIDNEYL.png
SIDNEY-M,"Colgante cilindrico de vidrio y aluminio de 124cm de largo; de 24w led, luz calida",SIDNEY,243.9,"{""medidas"": ""124cm"", ""fuente_luz"": ""led"", ""potencia_w"": ""24w""}",https://cswqoretlhppxkelysny.supabase.co/storage/v1/object/public/catalogo-img/dabor/SIDNEYM.png
TAMBOR-L,"Colgante ø60cm policarbonato, con cilindro interior E-27",TAMBOR,75.12,"{""medidas"": ""ø60cm"", ""fuente_luz"": ""E-27"", ""color_artefacto"": ""Blanco; Negro""}",https://cswqoretlhppxkelysny.supabase.co/storage/v1/object/public/catalogo-img/dabor/TAMBORL.png
TAMBOR-M,"Colgante ø50cm policarbonato, con cilindro interior E-27",TAMBOR,68.99,"{""medidas"": ""ø50cm"", ""fuente_luz"": ""E-27"", ""color_artefacto"": ""Blanco; Negro""}",https://cswqoretlhppxkelysny.supabase.co/storage/v1/object/public/catalogo-img/dabor/TAMBORM.png
CHICAGO,Colgante doblado negro de 1mts.; 36w de led,CHICAGO,68.22,"{""medidas"": ""1mts"", ""fuente_luz"": ""led"", ""potencia_w"": ""36w"", ""color_artefacto"": ""negro""}",https://cswqoretlhppxkelysny.supabase.co/storage/v1/object/public/catalogo-img/dabor/CHICAGO.png
TAMBOR-S,"Colgante ø40cm policarbonato, con cilindro interior E-27",TAMBOR,53.66,"{""medidas"": ""ø40cm"", ""fuente_luz"": ""E-27"", ""color_artefacto"": ""Blanco; Negro""}",https://cswqoretlhppxkelysny.supabase.co/storage/v1/object/public/catalogo-img/dabor/TAMBORS.png
TEXAS,"Plafon integrado de 3 cuadrados de dif. tamaño unidos satinado y negro, luz por fuera de 42w de led",TEXAS,68.99,"{""fuente_luz"": ""led"", ""potencia_w"": ""42w"", ""color_artefacto"": ""satinado y negro""}",https://cswqoretlhppxkelysny.supabase.co/storage/v1/object/public/catalogo-img/dabor/TEXAS.png
TOLEDO-2,Spot bifocal rectangular de fund. de aluminio para exterior; IP44; de 10*11*23cm; para 2xGU10,TOLEDO,10.1,"{""ip"": ""IP44"", ""medidas"": ""10*11*23cm"", ""fuente_luz"": ""GU10"", ""color_artefacto"": ""Negro""}",https://cswqoretlhppxkelysny.supabase.co/storage/v1/object/public/catalogo-img/dabor/TOLEDO2.png
TOLUCA-L,"Colgante doble ø60cm y ø40cm de aluminio, de 50w+30w led",TOLUCA,610.41,"{""medidas"": ""ø60cm y ø40cm"", ""fuente_luz"": ""led"", ""potencia_w"": ""50w+30w"", ""color_artefacto"": ""Blanco; Negro; Dorado Pintado""}",https://cswqoretlhppxkelysny.supabase.co/storage/v1/object/public/catalogo-img/dabor/TOLUCAL.png
TOLUCA-S,"Colgante herradura ø60cm de aluminio, de 50w led",TOLUCA,418.56,"{""medidas"": ""ø60cm"", ""fuente_luz"": ""led"", ""potencia_w"": ""50w"", ""color_artefacto"": ""Blanco; Negro; Dorado Pintado""}",https://cswqoretlhppxkelysny.supabase.co/storage/v1/object/public/catalogo-img/dabor/TOLUCAS.png
TORONTO-1,Plafon de 1 Luz movil cuadrado Cardanico para dicro GU10,TORONTO,16.78,"{""fuente_luz"": ""GU10"", ""movimiento"": ""movil"", ""color_artefacto"": ""Blanco; Negro"", ""fijacion_montaje"": ""Cardanico""}",https://cswqoretlhppxkelysny.supabase.co/storage/v1/object/public/catalogo-img/dabor/TORONTO1.png
TORONTO-4,Plafon de 4 luces movil cuadrado Cardanico para dicro GU10,TORONTO,52.39,"{""fuente_luz"": ""GU10"", ""movimiento"": ""movil"", ""color_artefacto"": ""Blanco; Negro"", ""fijacion_montaje"": ""Cardanico""}",https://cswqoretlhppxkelysny.supabase.co/storage/v1/object/public/catalogo-img/dabor/TORONTO4.png
ZUMO-PL,"Plafon ø61cm; 44w led; 3000k, dimerizable",ZUMO,268.29,"{""control"": ""dimerizable"", ""medidas"": ""ø61cm"", ""fuente_luz"": ""led"", ""potencia_w"": ""44w"", ""temp_color_k"": ""3000k"", ""color_artefacto"": ""Blanco y Negro""}",https://cswqoretlhppxkelysny.supabase.co/storage/v1/object/public/catalogo-img/dabor/ZUMOPL.png
ATENAS,"Colgante de vidrio ø35,6cm gris fume de led 12w+26w",ATENAS,223.0,"{""medidas"": ""ø35,6cm"", ""fuente_luz"": ""led"", ""potencia_w"": ""12w+26w"", ""color_artefacto"": ""gris fume""}",https://cswqoretlhppxkelysny.supabase.co/storage/v1/object/public/catalogo-img/dabor/ATENAS.png
ALTOS-APX2,Aplique de pared con globito de 2 luces para G9 led,ALTOS,62.72,"{""fuente_luz"": ""G9 led"", ""color_artefacto"": ""Negro, Cromo, Dorado""}",https://cswqoretlhppxkelysny.supabase.co/storage/v1/object/public/catalogo-img/dabor/ALTOSAPX2.png
BAHIA,"Aplique de pared negro con globo opal y switch on/off, 6w Led",BAHIA,43.9,"{""control"": ""switch on/off"", ""fuente_luz"": ""Led"", ""potencia_w"": ""6w"", ""color_artefacto"": ""negro""}",https://cswqoretlhppxkelysny.supabase.co/storage/v1/object/public/catalogo-img/dabor/BAHIA.png
BOISE,Colgante ovalado negro de 120mm de largo de led 48w CON 1.5mts. de cable,BOISE,97.56,"{""medidas"": ""120mm"", ""fuente_luz"": ""Led"", ""potencia_w"": ""48w"", ""color_artefacto"": ""negro""}",https://cswqoretlhppxkelysny.supabase.co/storage/v1/object/public/catalogo-img/dabor/BOISE.png
HAYES-CX14,"Colgante de 14 luces negro con globito dimerizable de 56w led, con 3mts de cable",HAYES,344.95,"{""control"": ""dimerizable"", ""fuente_luz"": ""Led"", ""potencia_w"": ""56w"", ""color_artefacto"": ""negro""}",https://cswqoretlhppxkelysny.supabase.co/storage/v1/object/public/catalogo-img/dabor/HAYESCX14.png
HONOLULU,Plafon redondo de ø483mm blanco de led 48w,HONOLULU,104.53,"{""medidas"": ""ø483mm"", ""fuente_luz"": ""Led"", ""potencia_w"": ""48w"", ""color_artefacto"": ""blanco""}",https://cswqoretlhppxkelysny.supabase.co/storage/v1/object/public/catalogo-img/dabor/HONOLULU.png
MADISON,Plafon cuadrado de ø500x500mm blanco de led 48w,MADISON,80.14,"{""medidas"": ""500x500mm"", ""fuente_luz"": ""Led"", ""potencia_w"": ""48w"", ""color_artefacto"": ""blanco""}",https://cswqoretlhppxkelysny.supabase.co/storage/v1/object/public/catalogo-img/dabor/MADISON.png
OLIMPO-1,Colgante con pantalla ¢450mm de tela blanca para 1xE27 con 3mts de cable,OLIMPO,167.25,"{""medidas"": ""450mm"", ""fuente_luz"": ""E27"", ""color_artefacto"": ""blanca""}",https://cswqoretlhppxkelysny.supabase.co/storage/v1/object/public/catalogo-img/dabor/OLIMPO1.png
NATAL-P,Lampara con pinza con barral y flexible cromo para E27,NATAL,4.6,"{""fuente_luz"": ""E27"", ""color_artefacto"": ""Blanco; Negro; Rojo; Azul""}",https://cswqoretlhppxkelysny.supabase.co/storage/v1/object/public/catalogo-img/dabor/NATALP.png
EMBU-13,Embutido redondo movil aluminio blanco o negro para GU10,EMBU,3.76,"{""fuente_luz"": ""GU10"", ""movimiento"": ""movil"", ""color_artefacto"": ""Blanco/Negro"", ""fijacion_montaje"": ""movil""}",https://cswqoretlhppxkelysny.supabase.co/storage/v1/object/public/catalogo-img/dabor/EMBU13.png
ICANTI-M,"Colgante blanco; ø900cm, H=150cm; 54w led; 3000k dimerizable",ICANTI,735.89,"{""control"": ""dimerizable"", ""medidas"": ""ø900cm; H=150cm"", ""fuente_luz"": ""led"", ""potencia_w"": ""54w"", ""temp_color_k"": ""3000k"", ""color_artefacto"": ""blanco""}",https://cswqoretlhppxkelysny.supabase.co/storage/v1/object/public/catalogo-img/dabor/ICANTIM.png
P(12W/F)Apli./Red. Blanco,Panel led de aplicar redondo blanco; 12w;17x17cm frio (50u),Paneles de aplicar redondos,4.81,"{""medidas"": ""17x17cm"", ""fuente_luz"": ""LED"", ""potencia_w"": ""12"", ""temp_color_k"": ""frio"", ""color_artefacto"": ""Blanco"", ""fijacion_montaje"": ""Aplicar""}",https://cswqoretlhppxkelysny.supabase.co/storage/v1/object/public/catalogo-img/dabor/P12WFAPLIREDBLANCO.png
SEMI-1,"Semiembutido redondo movil ø10,5cm",SEMI,1.78,"{""medidas"": ""ø10,5cm"", ""movimiento"": ""movil"", ""color_artefacto"": ""Blanco y Negro"", ""fijacion_montaje"": ""movil""}",https://cswqoretlhppxkelysny.supabase.co/storage/v1/object/public/catalogo-img/dabor/SEMI1.png
TEPIC,Lampara de pie H=213cm E27*3,TEPIC,329.62,"{""medidas"": ""H=213cm"", ""fuente_luz"": ""E27*3"", ""color_artefacto"": ""Blanco y Negro"", ""fijacion_montaje"": ""pie""}",https://cswqoretlhppxkelysny.supabase.co/storage/v1/object/public/catalogo-img/dabor/TEPIC.png
TUCSON,Plafon de 6 varillas negro; 40w de led,TUCSON,91.99,"{""fuente_luz"": ""led"", ""potencia_w"": ""40w"", ""color_artefacto"": ""negro""}",https://cswqoretlhppxkelysny.supabase.co/storage/v1/object/public/catalogo-img/dabor/TUCSON.png
VANCOUVER-1,Plafon de 1 Luz movil cuadrado Cardanico para AR111,VANCOUVER,40.09,"{""fuente_luz"": ""AR111"", ""movimiento"": ""movil"", ""color_artefacto"": ""Blanco; Negro"", ""fijacion_montaje"": ""Cardanico""}",https://cswqoretlhppxkelysny.supabase.co/storage/v1/object/public/catalogo-img/dabor/VANCOUVER1.png
YORK,Aplique de pared blanco con movimiento e interruptor 6w led,YORK,45.3,"{""fuente_luz"": ""LED"", ""movimiento"": ""Si"", ""potencia_w"": ""6w"", ""color_artefacto"": ""Blanco y Negro""}",https://cswqoretlhppxkelysny.supabase.co/storage/v1/object/public/catalogo-img/dabor/YORK.png
ZUMO-CL,"Colgante ø61cm; H=150cm; 44w led; 3000k, dimerizable",ZUMO,291.29,"{""control"": ""dimerizable"", ""medidas"": ""ø61cm; H=150cm"", ""fuente_luz"": ""led"", ""potencia_w"": ""44w"", ""temp_color_k"": ""3000k"", ""color_artefacto"": ""Blanco y Negro""}",https://cswqoretlhppxkelysny.supabase.co/storage/v1/object/public/catalogo-img/dabor/ZUMOCL.png
ZUMO-CM,"Colgante ø47cm; H=150cm; 35w led; 3000k, dimerizable",ZUMO,218.47,"{""control"": ""dimerizable"", ""medidas"": ""ø47cm; H=150cm"", ""fuente_luz"": ""led"", ""potencia_w"": ""35w"", ""temp_color_k"": ""3000k"", ""color_artefacto"": ""Blanco y Negro""}",https://cswqoretlhppxkelysny.supabase.co/storage/v1/object/public/catalogo-img/dabor/ZUMOCM.png
